1112,2018-11-20,1,4,1128.6469026999998
1303,2018-11-19,3,1,1075.2350017428398
770,2018-09-06,3,3,1805.61256822
1063,2018-10-26,3,1,1688.56855166
950,2018-10-27,4,5,1995.6372482702136
1070,2018-10-02,4,4,1267.83092207
1046,2018-10-26,3,1,1446.7511530965567
306,2018-08-21,1,2,1806.4377503469586
1405,2018-11-25,3,3,901.072278
497,2018-10-22,4,4,4306.3174734
1392,2018-11-13,2,5,722.3615162074566
747,2018-09-13,3,4,6409.90878899
1237,2018-10-25,4,4,2366.97136934
272,2018-09-30,2,2,6034.8388896
1040,2018-10-01,3,1,5198.2804231
1319,2018-11-19,2,2,849.2104572300001
1419,2018-10-28,2,2,2219.3781826
117,2018-08-20,2,5,4577.36430165
580,2018-08-29,3,2,3341.4098428320003
1078,2018-10-13,2,5,3103.2337241
368,2018-08-10,2,3,3232.3263827
893,2018-10-07,2,4,2507.2837709
431,2018-08-13,4,1,4115.9950744299995
1185,2018-12-10,3,5,1121.0854037
786,2018-10-12,2,2,6118.8702265
464,2018-08-21,4,4,4964.01161183
1222,2018-10-30,3,2,1383.1032775342464
1256,2018-10-24,3,4,944.9251977
802,2018-11-20,1,1,3840.7656837150003
894,2018-11-09,1,2,2115.2133666
382,2018-09-02,1,3,1784.9431613000002
783,2018-09-19,3,1,3755.7665171
1490,2018-11-10,1,2,1764.004338
1067,2018-10-31,3,4,3468.8377409
755,2018-11-26,4,1,6103.7210723299995
1044,2018-11-03,4,5,2006.9678355600001
56,2018-07-12,3,2,4001.1715114
342,2018-09-14,4,5,5543.36796845
1373,2018-11-28,4,3,1360.7828224999998
701,2018-09-29,1,4,3099.63966834
997,2018-10-14,2,3,1702.0398220047355
726,2018-09-21,3,1,1966.1128411000002
936,2018-11-06,4,5,3168.03585102
678,2018-09-12,2,3,1718.8747180625796
142,2018-08-02,3,1,5674.6290399
185,2018-07-23,1,3,6973.691088112
711,2018-08-25,4,1,4780.1500625
31,2018-07-08,2,3,4396.08289107
298,2018-08-03,2,4,4462.98759798
1465,2018-11-22,1,5,1280.90771251
1453,2018-11-01,3,4,2240.95483354
979,2018-10-04,2,5,3029.2584355
1206,2018-10-29,1,5,1359.5013534650207
1359,2018-11-11,4,5,2101.5580121
543,2018-08-31,3,4,1474.4020559
386,2018-08-12,2,3,5018.269974369
477,2018-08-15,3,1,3309.2537736
1491,2018-12-02,1,5,1275.3180502
262,2018-08-01,2,1,6695.1851593
530,2018-09-13,1,3,5102.93991597
1068,2018-11-07,4,3,1226.9428137
628,2018-10-04,1,3,2458.904068
366,2018-09-11,1,3,4684.3633127
665,2018-10-03,2,5,3676.0204697169997
1463,2018-11-09,3,1,2131.1646702999997
826,2018-10-14,4,3,2995.0587672
183,2018-07-28,1,3,4592.9621681
1006,2018-10-20,2,5,2564.0284879
351,2018-08-21,3,3,3521.7100476
6,2018-07-01,3,3,7152.93738392
66,2018-07-01,1,2,8791.99035365
1393,2018-11-01,4,3,1236.457416
129,2018-08-03,3,5,7036.99625437
255,2018-07-02,1,2,7166.6376358
1240,2018-12-01,4,3,1697.3184979000002
612,2018-09-10,4,3,4003.9994429
38,2018-07-01,3,1,6316.682058828001
332,2018-08-29,2,2,3463.2798094
195,2018-07-19,1,5,5417.002313547
1284,2018-11-15,1,2,1109.6418737
433,2018-08-20,2,2,3495.43484638
791,2018-08-28,2,4,3164.5935735
683,2018-09-01,3,4,2921.198956354
1418,2018-11-24,4,1,986.3561671199999
18,2018-07-01,4,4,8804.2493172
1100,2018-10-18,2,3,2615.55294259
928,2018-11-13,2,3,1402.0617977
1183,2018-12-08,3,4,884.7158938
846,2018-10-20,2,3,3557.1678667200003
1082,2018-10-31,1,4,1828.6624317988753
33,2018-07-01,3,5,8172.54504606
999,2018-10-10,4,4,3948.8776777
1271,2018-11-23,1,1,1374.7750383
1337,2018-11-03,2,3,787.2928204014897
1326,2018-11-15,1,4,2475.35757853
478,2018-09-09,1,4,4872.8386636000005
78,2018-07-01,4,4,10909.99727564
565,2018-10-02,2,4,3916.1248969499998
1005,2018-11-02,4,3,3163.9538935
1170,2018-11-19,4,5,2241.7334891
1500,2018-11-06,3,4,3170.6299110299997
467,2018-10-07,2,1,3432.56492627
847,2018-10-13,3,5,2824.0513355499997
939,2018-10-19,3,3,2474.030753
414,2018-09-12,2,2,3739.5326545000003
910,2018-09-27,1,5,5106.308215499999
194,2018-07-29,4,4,6343.4800527200005
1291,2018-12-14,2,3,433.6018078029156
1387,2018-11-30,3,4,1790.2034912258387
454,2018-09-04,1,1,3589.5133303499997
1423,2018-12-09,3,5,1636.4799533039331
1077,2018-10-11,3,4,3369.4929450000004
64,2018-07-01,3,4,8710.610709600001
695,2018-10-13,3,3,4246.90264497
81,2018-07-01,1,3,11203.16605335
777,2018-09-24,3,3,2046.2122314
1061,2018-11-04,3,3,2499.68748312
560,2018-09-21,4,5,4789.52037326
904,2018-10-19,4,4,2573.5283565
901,2018-09-24,4,5,2454.6296819
278,2018-08-14,2,1,6160.2641158
1042,2018-10-15,3,5,2656.1566196
389,2018-08-16,4,1,5143.15019098
969,2018-10-29,2,2,4667.1474164
1051,2018-10-13,2,3,1107.8914883
1102,2018-10-23,3,2,1329.065184108913
297,2018-08-06,1,3,11655.42509881
1272,2018-11-29,1,5,1950.0557967
499,2018-11-04,3,4,2618.2900943
659,2018-09-18,2,4,4168.533671499999
494,2018-08-11,2,1,6323.4575554
1026,2018-10-11,1,5,516.9498911127448
1278,2018-11-13,4,4,1806.3833201304078
1447,2018-11-18,3,5,1054.1896196082234
3,2018-07-01,3,2,10255.661771498
219,2018-07-03,2,2,4283.10699092
816,2018-11-10,2,1,2704.7632442
512,2018-08-26,1,3,1846.6703621670604
703,2018-08-25,3,5,4689.54620005
557,2018-09-19,3,3,4339.65323523
153,2018-07-31,1,1,4854.2228239
330,2018-09-02,1,5,3702.20872649
559,2018-09-09,3,5,6065.2687764
1109,2018-11-30,1,5,521.1159447208047
1161,2018-11-14,4,4,1432.2983752936125
10,2018-07-01,4,4,10090.742434699
604,2018-09-08,1,1,3315.250566
1009,2018-10-20,4,4,1680.1227582618594
277,2018-07-02,2,1,5085.87915421
434,2018-08-12,1,1,3076.9029092
552,2018-08-26,1,2,3209.1412225
1251,2018-12-22,4,1,1677.5590357
315,2018-09-14,2,5,8939.170178800001
831,2018-10-15,1,1,3170.2812359
713,2018-10-28,3,4,5436.1758947
301,2018-08-25,2,5,1076.9880076900001
1060,2018-10-27,4,2,5205.77035134
1024,2018-11-13,4,2,3384.2037946900004
1094,2018-11-06,1,4,1773.032592
1350,2018-11-04,3,5,1170.2362978830934
1390,2018-12-03,3,4,1998.0816103000002
1313,2018-12-02,1,5,3028.6489426
378,2018-10-09,3,2,4051.48483787
1400,2018-11-07,4,5,2970.2498592
423,2018-09-11,4,1,3895.615572
1121,2018-11-28,2,5,1281.8430988118052
785,2018-08-26,2,4,5118.3069462
525,2018-09-06,1,2,5241.749093
1087,2018-10-13,4,2,2205.4916127
1092,2018-11-20,1,3,2063.3325293999997
869,2018-11-05,1,3,2030.0012374000003
1227,2018-10-25,2,1,859.982187859714
854,2018-11-09,3,4,2273.80745063
972,2018-10-16,2,4,3350.1613527
32,2018-07-01,3,3,5952.16600188
1045,2018-11-04,1,5,1652.2963576999998
176,2018-07-23,2,4,7199.90423387
416,2018-09-08,2,2,3858.14710262
1080,2018-10-06,1,1,1770.5451775000001
670,2018-08-23,3,1,5140.3064532
1178,2018-11-26,4,2,428.25287114828825
882,2018-10-03,1,4,1607.2950223460793
1328,2018-10-30,3,4,2365.7354253000003
1257,2018-12-06,3,3,1100.2325652
1391,2018-11-13,4,2,826.7145697399999
836,2018-10-01,4,1,1739.4401365
633,2018-08-27,4,3,5696.95445509
220,2018-07-15,3,1,5666.2718153000005
469,2018-08-21,2,4,5408.64583071
989,2018-10-22,2,1,3240.802855
1125,2018-12-03,2,4,860.9377639368176
468,2018-08-31,3,4,3800.9581905
235,2018-07-07,2,2,8479.42422302
672,2018-10-07,1,1,5251.6228757
354,2018-08-25,4,1,7137.728207859999
723,2018-09-18,3,3,2753.77303415
527,2018-08-10,3,1,1071.1047165095806
1086,2018-10-28,3,5,2758.202320074
1275,2018-11-07,3,3,1844.6046030148864
849,2018-10-02,2,2,6887.246013530001
706,2018-08-31,1,1,649.69507529
1443,2018-11-02,4,3,976.1791332
71,2018-07-01,4,1,5701.63975113
615,2018-10-09,3,3,998.03518156
401,2018-07-25,3,1,212.4978466
284,2018-07-04,2,4,5898.043399640001
784,2018-09-10,4,3,3182.2684618
721,2018-09-25,4,1,3488.4138187999997
667,2018-09-12,2,5,4420.2880045
949,2018-10-29,1,1,2139.0526532
69,2018-07-01,4,5,7404.2997617
1147,2018-10-28,2,1,1613.4880539029837
639,2018-09-06,1,3,2624.8636023
538,2018-08-05,2,4,2063.0069315
920,2018-11-07,4,2,6643.879805539999
345,2018-08-09,4,5,4894.6487256
1027,2018-10-28,3,4,3271.0213801
443,2018-09-28,1,5,5945.54924373
687,2018-10-20,1,2,3731.9808342999995
203,2018-09-10,1,2,4671.71581645
985,2018-10-27,4,1,2090.6462264
1451,2018-10-27,4,1,1100.4736331
172,2018-08-13,3,5,3325.4960391100003
596,2018-08-11,3,5,3921.0259897000005
1349,2018-11-07,2,3,410.31834203749895
1415,2018-11-04,4,2,651.6051219
780,2018-09-25,2,1,3375.9338724
1286,2018-11-20,4,1,1449.6996681
247,2018-07-04,3,2,3471.24094624
970,2018-10-31,1,5,3436.8991064499996
1073,2018-09-28,4,4,988.1864879280329
752,2018-09-25,1,5,2484.601413
126,2018-07-01,4,2,7665.1748639180005
409,2018-08-23,4,1,6368.28023127
252,2018-07-01,4,2,3275.13084007
814,2018-09-30,1,3,2401.0564447
621,2018-10-02,2,4,6017.4374173999995
1461,2018-11-12,1,1,2376.151624
450,2018-08-07,4,1,4240.25914964
974,2018-11-08,2,1,3131.542117
1058,2018-10-03,2,1,4135.6196988
1440,2018-11-18,3,4,1465.2767896
191,2018-08-01,3,5,7610.3791209
240,2018-07-01,4,4,3561.7621206999997
79,2018-07-01,3,4,6720.62781536
1456,2018-11-13,2,1,1847.0502892
1478,2018-11-23,1,5,695.0706720000001
600,2018-08-16,2,4,3835.22121814
65,2018-07-01,1,5,7738.8422821700005
681,2018-09-14,1,2,3769.0929470700003
421,2018-09-11,4,5,1258.2046879
835,2018-10-12,4,5,1304.8553238279999
1290,2018-11-11,1,4,66.62410955
1334,2018-11-17,2,5,4549.211954
610,2018-09-21,4,5,5536.7857757500005
199,2018-07-10,3,5,5968.1500799000005
286,2018-07-03,4,4,4070.3034892000005
807,2018-11-09,1,3,1744.7842942
505,2018-08-13,1,2,3340.3949955999997
736,2018-10-03,3,2,3253.64635151
299,2018-08-11,1,4,8443.42966851
1098,2018-11-16,1,4,3808.39512973
429,2018-08-09,4,3,2553.2995287999997
1315,2018-11-30,3,1,1837.6677071999998
391,2018-08-25,2,1,4377.65689596
165,2018-08-24,4,2,2947.6791679999997
1153,2018-11-18,4,2,1486.0614111999998
72,2018-07-01,1,4,8703.182243090001
978,2018-10-01,4,2,2223.594407
1340,2018-11-14,4,5,1394.4060476496816
774,2018-09-22,2,4,8419.011731
1201,2018-12-05,2,3,1615.7328886911273
186,2018-07-01,1,1,6718.686969920001
586,2018-10-06,2,5,2213.9052262
1427,2018-11-10,3,3,838.8990694656968
1208,2018-11-28,4,1,1025.8982796221972
1323,2018-11-25,1,1,1325.219632126391
438,2018-09-18,3,3,3871.57155179
147,2018-07-04,2,3,8860.148567979999
121,2018-07-22,2,5,7016.87000161
946,2018-11-02,3,1,3277.1300897
243,2018-07-26,1,4,4989.581844480001
138,2018-07-08,3,5,7117.92941843
248,2018-07-02,4,1,6948.993004009999
828,2018-10-27,3,4,4216.542199
1277,2018-10-31,1,1,858.6944099515676
329,2018-09-05,2,3,3159.8320982
1065,2018-10-14,4,1,2780.08275913
1229,2018-10-27,4,5,1859.2540891841054
1470,2018-10-31,3,4,1340.8630369231105
359,2018-09-12,2,2,1404.4882827
324,2018-09-05,1,4,1943.46182095
1191,2018-10-24,4,5,2536.3527454
705,2018-09-04,4,1,5043.9618941
392,2018-11-10,2,3,4964.0855849
1266,2018-12-05,3,2,973.2490091
130,2018-08-02,3,2,3652.1015355000004
953,2018-11-07,4,4,3622.47116018
675,2018-10-24,4,1,3820.8973512
1269,2018-10-26,3,1,1413.0178960040212
51,2018-07-01,3,2,11007.763415193
372,2018-08-16,1,3,3951.8557817
891,2018-11-27,4,1,1969.9473576620221
737,2018-09-11,2,3,2545.0138072
167,2018-07-01,3,3,9683.92380443
809,2018-10-15,3,2,2538.3027102799997
587,2018-08-05,4,2,6144.7686376209995
1377,2018-11-22,2,2,1665.7209761999998
74,2018-07-01,1,3,8540.45232772
390,2018-10-09,2,3,3899.94410538
863,2018-10-29,3,2,2102.3498913
813,2018-11-23,1,3,3259.8783630999997
880,2018-10-29,2,2,3355.55138563
851,2018-11-29,3,4,3282.6020261
956,2018-10-23,1,5,1901.8051546
647,2018-09-11,2,2,3741.2163446089
1211,2018-12-08,3,4,844.81222843
1050,2018-11-05,1,5,2148.11307848
192,2018-07-13,1,3,8614.71028452
411,2018-08-27,1,2,8194.72755954
214,2018-07-10,3,3,3617.9238841799997
1021,2018-10-15,2,4,2208.8734538
917,2018-09-25,1,5,611.8460921570659
1267,2018-11-24,4,1,1258.1101681
384,2018-09-03,3,5,2649.3418456
1371,2018-12-04,1,2,1906.3758123666048
1301,2018-11-05,3,5,1838.0803735926747
449,2018-08-05,4,2,3393.9254404599997
595,2018-09-15,3,3,3602.8147371
528,2018-09-30,3,5,4785.67055517
506,2018-09-07,1,3,4053.7354303
954,2018-11-02,2,5,2717.476428778
926,2018-10-23,1,2,3070.273164
569,2018-09-01,3,3,7027.000258800001
626,2018-08-27,3,3,1880.8648994999999
1273,2018-11-25,2,2,2092.6912838
1056,2018-10-30,2,1,2767.2207936
554,2018-09-23,2,5,5452.71921681
523,2018-09-04,2,1,4821.7784495
218,2018-07-26,2,3,5021.4259555
1136,2018-11-14,1,1,525.8198934
280,2018-07-11,1,1,6888.2848267399995
15,2018-07-01,2,5,7452.8072677943
1327,2018-11-03,1,3,1514.254274778068
135,2018-07-29,3,2,7384.08260289
990,2018-11-22,1,2,1458.88058019
400,2018-09-25,2,3,6083.023797780001
855,2018-10-26,4,2,1739.6944588
508,2018-08-27,3,2,2908.38991766
887,2018-11-03,4,2,1323.9382159000002
334,2018-08-30,4,2,4228.03931706
500,2018-09-04,3,4,5313.23078948
1242,2018-11-15,4,1,3599.7028944999997
1437,2018-11-25,4,4,782.4918832629919
1059,2018-10-19,2,1,3748.72410533
1462,2018-11-28,2,3,656.1221938
546,2018-07-27,2,4,4882.2803903
230,2018-08-11,3,1,5375.7282182
801,2018-10-20,3,3,1810.1529295
201,2018-07-13,3,1,4569.86733575
1485,2018-11-25,2,5,1843.8479043
581,2018-08-13,4,5,1975.259107179
88,2018-07-01,4,2,7938.339138469999
843,2018-09-28,4,3,3541.92274005
1362,2018-11-19,2,5,1416.7559714987874
1310,2018-11-23,3,1,1754.4738398864865
428,2018-08-10,4,5,4147.05290366
113,2018-08-16,2,1,5785.9910289
975,2018-10-17,2,5,1059.3851986
1111,2018-11-25,3,4,1583.4991484880447
866,2018-10-13,4,1,1557.374444
671,2018-11-03,1,1,3620.0984295000003
691,2018-09-04,1,3,1880.5461742
383,2018-08-25,3,5,3642.3390095000004
517,2018-09-17,1,3,3428.26780273
215,2018-08-06,2,3,7037.57737869
341,2018-09-15,3,3,6311.5889818000005
1396,2018-11-10,4,2,1519.6825927123427
101,2018-07-31,3,2,5999.5945995
115,2018-07-11,4,4,5427.130532659
1091,2018-10-20,2,4,665.5988423
291,2018-07-17,2,5,6120.4975716
965,2018-10-20,4,3,1199.9375326558948
1133,2018-12-07,4,2,1598.02959653
281,2018-07-14,3,4,3248.84746565
360,2018-09-04,3,1,4204.9046081
1074,2018-11-01,3,3,1310.537992976606
1335,2018-11-29,2,1,889.67774431
1089,2018-12-02,4,1,1620.7727140000002
317,2018-09-12,4,4,2987.6904737075
385,2018-08-04,3,3,4066.3257812999996
1181,2018-12-02,4,2,2346.1628769999998
1132,2018-11-12,1,3,1915.7676883041859
585,2018-08-31,3,4,2632.7445657
793,2018-10-05,2,5,2603.9311771000002
476,2018-08-19,3,5,4364.5291583
1071,2018-10-16,3,3,1631.7722899839282
1232,2018-11-01,4,2,16.087993048131466
1011,2018-10-17,4,5,2251.933186025
61,2018-07-01,1,3,8971.50753559
52,2018-07-01,3,4,5822.14364379
727,2018-09-24,2,2,3036.28292006
200,2018-07-12,4,1,7438.13198116
24,2018-07-01,4,5,7385.834629089999
197,2018-07-22,1,1,5445.7083442
606,2018-10-15,3,3,3449.41397342
1101,2018-12-11,4,3,2239.6652905
1411,2018-12-08,4,3,1162.1605912223458
848,2018-12-08,4,1,3003.9697366
1144,2018-11-08,4,5,1198.7777166068554
915,2018-10-26,3,4,3659.34891545
221,2018-07-21,3,3,4975.8955213
1302,2018-11-16,4,4,706.8354291841388
1263,2018-11-03,2,2,5006.07121278
998,2018-11-24,1,3,3553.363805
531,2018-07-29,2,3,6069.20262009
30,2018-07-01,2,5,9141.06179507
1322,2018-11-25,2,4,874.94887039
1380,2018-12-14,4,4,2282.3475792
852,2018-11-01,1,3,2465.93526015
89,2018-07-01,3,1,6946.129148090001
106,2018-07-25,3,4,8117.4744993
1474,2018-11-26,2,5,310.53636700000004
822,2018-11-14,3,4,2768.3610251325
1028,2018-10-11,2,1,1339.11691832
778,2018-09-12,3,5,1951.6799158000001
212,2018-07-06,1,4,6109.69318267
1444,2018-11-14,3,3,457.8532138839364
719,2018-09-15,3,3,2915.4308787
229,2018-07-07,3,5,7089.40461335
693,2018-09-22,4,1,3517.75460454
1049,2018-11-02,1,3,5096.4515308
104,2018-07-01,3,5,4530.859774
1122,2018-12-12,4,1,3962.2014455999997
1062,2018-10-14,3,4,2842.6523714
1202,2018-11-28,1,2,1040.7070061191916
1246,2018-11-23,1,5,548.2737915590405
287,2018-07-19,1,2,7461.977930720001
872,2018-11-23,1,5,2288.9939209
870,2018-10-21,4,1,1569.8476089164615
1020,2018-10-27,2,1,2968.5120132
746,2018-10-12,3,4,7456.06273642
562,2018-10-19,4,3,4773.75745595
377,2018-08-13,1,4,6283.23243389
1017,2018-10-29,1,4,3702.65486249
888,2018-10-31,4,3,2484.575656
444,2018-09-14,4,3,4682.24570398
629,2018-09-04,2,2,4373.9570301
930,2018-10-27,4,2,3271.56708656
157,2018-07-05,4,5,8747.384009500001
173,2018-07-15,1,1,2148.06956454
415,2018-08-28,2,2,5654.7313520709995
279,2018-07-24,2,1,5778.7761024
63,2018-07-01,1,5,10377.083601749
1177,2018-10-23,4,3,1484.8089274019003
986,2018-11-22,3,1,2271.2033798
39,2018-07-01,4,4,6752.832185148
470,2018-08-04,2,4,4999.9633386000005
402,2018-09-05,2,5,4043.6421576000002
12,2018-07-01,4,5,10012.19058042
902,2018-10-16,2,1,2450.0929019
1129,2018-12-05,4,1,1545.6860400736332
1351,2018-11-10,1,3,1775.5094427
899,2018-10-24,4,5,2855.807182
624,2018-09-28,4,1,6161.751814163
1033,2018-09-25,4,5,1236.8684525
140,2018-07-24,1,3,6025.0625310000005
1469,2018-11-12,1,2,1069.7748631
792,2018-09-23,2,3,4772.7825572599995
952,2018-10-26,3,1,3378.0340762
1097,2018-10-19,4,1,2582.0165545
41,2018-07-01,4,2,5698.62704358
432,2018-08-24,2,4,4947.33593097
1280,2018-11-25,3,4,208.74031353741884
576,2018-11-16,3,5,4003.78226201
1203,2018-11-16,1,5,929.0735435
207,2018-07-16,2,5,6242.0430829
105,2018-07-01,2,4,4454.7777907
884,2018-10-18,2,2,3555.7847565999996
1285,2018-12-01,4,4,1712.7638636156917
996,2018-10-21,2,2,1790.4086606577039
486,2018-09-06,3,3,5693.4071091999995
638,2018-10-16,2,2,6539.819332534
1402,2018-11-17,3,5,2178.0132328
1252,2018-11-10,3,4,1167.29720775038
1164,2018-11-09,4,5,863.6234393000001
1347,2018-11-30,3,4,1120.8706133
754,2018-08-31,3,2,1887.7277513965964
686,2018-08-29,3,3,2541.3841506969998
190,2018-08-04,2,3,5112.494826849999
268,2018-07-11,3,3,3355.5867964
1369,2018-11-19,4,4,573.3839621
1218,2018-11-07,1,3,1859.9572498351336
7,2018-07-01,4,2,10549.65033142
1083,2018-11-08,4,3,2767.9732758
994,2018-10-12,3,3,1739.4188208
679,2018-09-12,4,1,3306.55758508
1368,2018-12-19,3,2,1968.79078
132,2018-07-21,1,1,5336.48351788
285,2018-08-21,2,4,3135.0516798
316,2018-08-07,3,3,1959.8991791
1247,2018-12-05,1,1,2708.3890001
720,2018-09-27,2,5,4724.56833481
514,2018-07-29,2,4,3673.4075018969997
937,2018-10-21,1,2,3619.4337597999997
1403,2018-12-01,4,5,951.4492852999999
1345,2018-11-18,2,4,1623.2389649376273
594,2018-09-01,2,5,3628.19039223
787,2018-10-17,3,5,5175.0772781
5,2018-07-01,2,1,5349.53298592
1261,2018-11-25,2,5,1479.9029985442758
1209,2018-11-08,3,3,909.0825762000001
1118,2018-11-11,4,3,1803.4009896
622,2018-11-13,1,2,4300.41188
540,2018-08-06,1,1,3728.2783950800003
658,2018-09-18,2,2,4014.4670450999997
555,2018-08-13,2,2,3889.187605138
967,2018-11-04,1,3,3036.20235963
1244,2018-11-01,3,4,412.73629758507013
677,2018-10-08,3,4,2665.6972308
166,2018-07-09,4,3,6917.146373459999
163,2018-09-09,1,2,6607.7756433
9,2018-07-01,3,5,5219.42815172
1072,2018-11-01,2,2,2425.6413681999998
270,2018-07-12,3,1,6549.77518107
1193,2018-11-12,3,3,1326.0848550125957
82,2018-07-01,2,1,9680.70634364
17,2018-07-02,1,1,8321.68582296
350,2018-10-07,1,5,6466.801629629999
57,2018-07-01,1,3,9604.79593863
326,2018-08-26,1,1,3871.5468450720996
493,2018-08-01,1,1,3723.3654197700002
804,2018-11-16,3,1,3397.5892257
564,2018-09-21,2,2,5679.6786214
731,2018-10-07,1,4,808.5873549
549,2018-08-11,1,5,4881.68151072
993,2018-10-19,1,2,1338.3879206
312,2018-09-03,1,4,4293.6470589
1025,2018-10-14,3,3,2876.30123001
682,2018-09-21,3,1,6368.270255303
959,2018-11-04,3,3,3456.4090931205
883,2018-10-27,3,4,2299.2288718
210,2018-07-01,1,3,4996.7726991
707,2018-08-27,2,3,3947.9446636000002
1420,2018-11-03,4,5,1061.4664226999998
1363,2018-11-23,4,3,1435.2669892832637
1205,2018-11-12,2,5,1387.8186699002981
424,2018-08-29,4,3,7844.35875697
1487,2018-11-29,3,3,2538.9021917
1281,2018-11-29,3,2,758.2862265408039
1425,2018-11-25,1,2,1884.1667911037803
763,2018-09-09,4,5,2848.71806307
535,2018-08-07,4,2,2503.4501234
1066,2018-10-05,4,2,2266.0318206
616,2018-09-29,4,5,1661.5698515
927,2018-10-10,3,2,1331.976412795484
295,2018-07-29,4,2,2498.6097974
541,2018-08-18,3,5,3438.2980052
1316,2018-10-30,4,3,1538.0536620999999
302,2018-08-22,4,3,3845.0839785
1069,2018-10-13,1,2,1389.0092885121703
307,2018-08-24,3,1,5281.025227460001
1436,2018-12-05,3,3,1974.0196141000001
886,2018-10-13,3,1,1902.9690250754356
767,2018-09-15,1,3,2880.394931
925,2018-09-30,2,1,2118.3293777999997
1195,2018-12-08,1,1,3130.7726136
244,2018-09-29,3,2,6082.2762482
404,2018-08-18,3,2,3190.1365234
55,2018-07-01,1,5,7379.808429300001
68,2018-07-01,1,5,4319.5792247
850,2018-10-01,3,5,2448.69342839
35,2018-07-01,1,3,7864.723485019999
627,2018-10-07,2,2,1545.1104268
141,2018-07-18,1,3,3384.0852435
441,2018-09-19,4,5,2103.40017085
715,2018-10-07,4,5,1089.2228854999998
712,2018-10-15,4,5,1867.5082009285688
19,2018-07-01,4,4,8997.76429181
442,2018-09-11,1,2,3759.6158652
1489,2018-12-27,4,4,1868.2158589363098
241,2018-09-13,3,5,8568.19908603
789,2018-10-04,3,4,3704.9010948000005
532,2018-09-10,2,4,3155.6032192
1216,2018-12-09,1,4,1899.2413859814405
1123,2018-11-24,3,3,559.80985129
760,2018-09-21,1,4,7280.8621969999995
304,2018-09-01,4,2,2938.5208361
1346,2018-11-29,4,3,1047.703516
515,2018-08-12,3,2,4640.93791948
430,2018-08-27,1,2,4558.6020020000005
1260,2018-10-28,2,4,1750.392285
980,2018-11-12,3,3,2881.41351772
161,2018-08-10,4,3,3792.96137765
260,2018-07-05,1,4,4437.3050415
574,2018-08-15,2,1,3661.812368772
1499,2018-11-20,2,3,1189.7886366999999
833,2018-10-11,3,2,767.7939254790545
1448,2018-11-15,4,2,1055.753153
878,2018-10-25,1,5,1563.832510864
14,2018-07-01,4,3,9055.55157793
1075,2018-10-05,4,2,2356.3286011600003
708,2018-10-01,3,4,5780.48147515
862,2018-10-24,2,4,915.6851628795266
249,2018-07-01,3,1,4039.0570111399998
588,2018-08-12,2,3,5992.163675868
319,2018-08-07,3,1,4854.56376157
644,2018-10-03,3,5,4580.6789564
1200,2018-10-30,1,5,889.4977951422334
320,2018-08-18,1,1,5122.00125986
91,2018-07-01,2,4,6559.549448089
1342,2018-11-06,3,4,936.112922616303
797,2018-09-19,1,3,3938.3965908
652,2018-09-30,2,4,2550.8772722999997
1268,2018-11-08,1,3,2162.0639024
1131,2018-11-19,4,2,2108.13078247
1348,2018-11-07,2,4,334.0575022
103,2018-07-10,3,2,4392.47438727
1343,2018-11-16,3,3,1280.124138109386
294,2018-07-25,3,4,3757.78039845
805,2018-11-18,4,5,1563.8333135999999
45,2018-07-27,3,5,5545.9533056499995
1493,2018-11-08,4,4,1673.623250797391
471,2018-08-02,3,2,9665.37011146
90,2018-07-01,1,2,6581.01729199
961,2018-09-23,4,2,965.1999986000001
1417,2018-11-15,3,1,879.3159829
1341,2018-11-09,4,2,606.6782863999999
258,2018-07-24,2,5,5595.912192693
46,2018-07-05,2,1,5634.5440582460005
495,2018-08-23,1,5,5995.2815192200005
584,2018-07-31,2,3,2184.88500845
373,2018-08-17,1,5,3171.03279384
396,2018-08-05,2,1,5937.57804548
1476,2018-11-07,2,4,3473.5908536
534,2018-09-10,4,1,4859.774379439999
1430,2018-10-23,2,1,1868.4223871678114
118,2018-08-06,2,2,4294.54277163
788,2018-09-14,2,5,4309.67365184
741,2018-10-04,3,2,4467.76437446
944,2018-11-03,2,1,1309.37906896
919,2018-11-10,4,4,1095.31352756
155,2018-07-10,3,4,7369.627106
367,2018-09-15,2,3,4624.98150665
361,2018-08-28,2,4,1338.6723129
1008,2018-10-29,1,4,3299.68038445
935,2018-10-25,3,4,2262.1219112
448,2018-08-31,2,1,4305.46147156
977,2018-10-31,4,2,2491.74967734
563,2018-08-24,2,3,6467.22904146
1460,2018-12-05,4,1,791.66939756
1043,2018-10-19,3,1,3177.3370022
274,2018-07-04,1,4,5213.94850327
1113,2018-11-03,1,3,1637.595132
582,2018-08-28,3,3,3744.1397516999996
110,2018-07-31,4,5,7046.91616488
1421,2018-11-18,1,4,1219.8140218
642,2018-09-23,3,5,4845.29696897
1149,2018-10-31,4,2,2248.2283972
362,2018-08-24,1,2,4329.83285069
1117,2018-12-09,1,5,1603.5351139
1488,2018-12-02,3,5,1474.3834529072046
519,2018-09-19,1,3,2432.14850818
43,2018-07-01,3,1,7041.52678458
655,2018-10-01,2,5,5033.60811708
188,2018-08-09,1,3,2674.5066742
1002,2018-11-10,1,3,4076.70477264
838,2018-11-27,1,3,2202.97156173
941,2018-10-14,1,3,2616.7012481
347,2018-08-15,2,1,4839.452834
321,2018-08-11,2,5,5788.85820447
1408,2018-11-15,3,4,1711.3781766965985
613,2018-10-11,2,4,4829.9735642
462,2018-08-16,1,2,4090.05060296
984,2018-10-08,4,5,1299.2533948272467
1241,2018-12-13,4,3,642.02974306
503,2018-08-13,1,5,4164.44189383
871,2018-11-05,4,1,5123.9307151
344,2018-09-14,2,2,3377.1992703000005
1388,2018-12-12,3,5,1531.7168645560741
1000,2018-11-19,1,3,2883.5903392
973,2018-10-30,1,3,2065.6837028
648,2018-09-14,3,4,1894.59413165
757,2018-09-19,3,2,2045.0267150299999
507,2018-09-01,4,4,5854.1365147
1047,2018-10-10,4,4,5797.54785689
114,2018-08-12,3,5,5587.89580777
575,2018-07-30,2,4,4750.60976964
50,2018-07-01,2,4,11644.187391759999
1435,2018-11-24,1,3,1708.5983204
265,2018-07-01,4,3,3661.8141367800004
685,2018-08-30,1,1,1959.1211657971144
983,2018-10-16,1,3,2853.34762004
356,2018-08-29,1,3,4451.69980821
699,2018-09-10,1,5,1607.7958328299999
1105,2018-10-27,2,4,1423.3147482
420,2018-08-05,4,2,7548.8687756300005
1034,2018-10-18,3,3,1979.173325933516
1154,2018-11-12,4,3,1275.7715622
205,2018-07-14,2,3,648.01295026
76,2018-07-01,2,3,10354.09438115
874,2018-09-28,2,4,4037.2914425000004
987,2018-09-26,2,5,2320.76427314
1299,2018-11-13,2,4,1756.9073867052794
1358,2018-11-07,4,1,1126.2905690819025
1,2018-07-01,1,4,8023.997143631001
1452,2018-11-08,4,3,788.0269308
1311,2018-12-06,3,4,1512.6039749011397
346,2018-08-01,3,2,7587.71431714
827,2018-11-02,4,1,2366.1553824
749,2018-09-20,2,4,3435.2907203000004
1225,2018-11-05,1,4,2335.7854994
1204,2018-11-09,2,5,1041.4798493
803,2018-10-04,1,2,571.6128694
903,2018-10-30,4,5,3740.1668799
37,2018-07-01,2,3,5020.12545623
529,2018-09-06,1,2,3708.4225555
419,2018-08-25,3,2,4322.8263767
472,2018-09-18,1,2,3793.47917928
267,2018-07-04,4,1,7984.3505448
1210,2018-12-26,3,5,1741.208783350885
1022,2018-10-24,3,3,2790.1720614
36,2018-07-01,4,2,9077.029237359999
1494,2018-11-28,4,5,2786.9356053
296,2018-08-03,3,3,6397.3455468
1029,2018-10-06,4,3,2395.6985975899997
1270,2018-11-21,4,2,2376.4991036
496,2018-08-20,1,2,5301.255659742
1115,2018-11-22,2,1,873.561505
589,2018-07-31,1,4,7065.828011963999
744,2018-09-09,3,5,3026.9987237
136,2018-07-11,2,2,4630.179614
1250,2018-11-25,1,5,1718.1187392
1150,2018-11-14,4,2,1511.5870907902718
180,2018-07-01,3,5,6170.8996114
198,2018-08-02,2,3,3940.7529971900003
859,2018-10-02,3,4,1066.524493508041
399,2018-10-30,3,5,4022.5446818650003
290,2018-07-07,2,2,5415.16716059
620,2018-09-10,4,5,3333.8476435
526,2018-08-17,1,2,3852.7873121
550,2018-09-03,2,3,4552.46279578
663,2018-11-18,3,1,3262.31479993
1331,2018-11-17,4,5,817.2757868
1014,2018-09-24,2,5,2486.7297392699998
808,2018-10-27,4,2,4977.0744112
1464,2018-11-22,1,1,966.9723814000001
603,2018-10-09,2,5,3015.8198492
1169,2018-11-05,1,2,2377.6158163
1179,2018-11-25,1,2,2329.0531788
264,2018-08-21,3,1,7868.200399949999
1135,2018-12-11,4,4,1402.702766470611
1394,2018-11-18,3,4,1445.1407789
748,2018-09-10,1,1,5198.9118305
1081,2018-10-30,2,5,4318.0908887
860,2018-11-07,1,3,1190.8580952
217,2018-08-06,1,2,5510.3271483
473,2018-08-27,4,4,4231.0747157
1397,2018-12-05,3,2,2365.5976769
455,2018-08-16,2,3,4646.102526799999
94,2018-07-08,2,3,10701.16261202
1031,2018-10-07,2,3,1548.0234874412417
22,2018-07-01,1,1,3915.15004616
408,2018-10-04,4,2,1181.178644201
182,2018-07-28,1,2,6671.398739710001
697,2018-11-12,3,3,3989.0489040499997
259,2018-07-26,2,3,6508.5627471
108,2018-07-29,2,5,6007.2161728500005
1158,2018-11-01,4,3,1575.9976850822568
1370,2018-11-04,3,5,711.3094853
209,2018-08-03,2,4,8079.1499023199995
1134,2018-12-03,1,1,975.1889122
533,2018-09-01,3,2,5903.07953489
861,2018-10-16,3,3,1827.5485588237643
439,2018-09-04,2,3,7835.093892450001
1035,2018-10-06,2,2,2184.3800622
1054,2018-09-28,4,5,3270.24273431
908,2018-10-18,4,4,4643.7353542
923,2018-11-04,2,2,1989.2759583890438
1048,2018-10-07,3,3,4739.545221869999
1235,2018-10-27,3,2,2514.3227573
657,2018-10-04,1,1,1573.1109967455268
146,2018-08-03,3,4,4548.03839358
676,2018-10-12,4,3,3515.6710355000005
1410,2018-11-16,1,2,1911.9664197787642
958,2018-10-19,3,1,2833.63316046
636,2018-09-13,3,4,1554.3292751535773
934,2018-10-02,4,3,930.1691162
812,2018-10-14,2,2,2199.0291737
510,2018-08-06,2,1,3612.7811437600003
545,2018-07-30,4,4,5182.57572104
231,2018-07-26,2,2,4720.3983599
799,2018-09-15,2,1,1703.7685028
660,2018-09-15,3,1,1827.91041959
393,2018-10-14,2,3,6432.3006075700005
895,2018-10-14,1,5,2943.887058355
1171,2018-11-22,2,3,875.3209402784705
184,2018-07-26,2,5,7573.6866291900005
1492,2018-11-17,2,4,2766.74741956
547,2018-08-09,4,2,6719.6730375
379,2018-09-01,2,1,2422.6512296
865,2018-11-13,4,2,1925.2700777724385
120,2018-07-31,2,5,5304.28379746
684,2018-09-13,2,1,2208.578958983
1407,2018-11-25,3,3,1249.6547205373645
349,2018-08-26,4,2,3034.10853863
739,2018-09-17,4,1,3962.2852387600005
305,2018-08-30,4,3,5178.24988849
292,2018-07-01,4,3,6490.1539849499995
567,2018-08-26,2,2,4884.2281763
1384,2018-11-17,4,3,685.8193641528487
99,2018-07-01,1,2,7806.2694084968
912,2018-10-25,3,3,2960.3683029
666,2018-10-06,2,3,3516.1058809
1288,2018-12-03,2,4,1882.736671
338,2018-08-14,1,2,4869.6633579
1496,2018-12-02,4,4,2094.12508072
1361,2018-11-02,3,2,1820.5850506201386
58,2018-07-01,4,4,5769.5754480900005
417,2018-08-29,1,5,2977.8524632
625,2018-09-15,1,4,1395.4839129000902
139,2018-07-21,2,2,4702.72124799
160,2018-07-24,4,5,2871.63226469
876,2018-10-21,1,1,1678.98497927
1103,2018-11-21,4,4,1383.51293746382
1468,2018-10-24,2,4,1499.2890804
650,2018-10-14,1,4,5364.341775999999
942,2018-10-09,4,3,5125.0652723
877,2018-09-28,3,1,3171.4923292
782,2018-10-17,4,2,3230.47676047
819,2018-11-29,2,5,2064.0994066430003
159,2018-07-25,1,1,3880.73591013
1221,2018-11-09,1,5,512.6350866630673
193,2018-07-12,3,1,4640.62576357
282,2018-07-03,1,3,4994.759092589999
340,2018-08-12,4,2,5702.86831515
905,2018-11-12,1,4,2148.6240491
1287,2018-10-30,2,5,1352.6087626814842
1353,2018-12-23,2,4,397.30350486934185
516,2018-08-14,4,5,4921.583207289999
704,2018-10-18,3,1,4096.848431
479,2018-09-26,2,4,2579.6543821
1354,2018-12-14,4,3,1315.542216621
1180,2018-11-12,4,3,1374.5289857
945,2018-12-12,3,2,2414.1059604800002
769,2018-10-03,2,4,3589.8697297999997
75,2018-07-01,4,4,6740.310683049999
490,2018-08-19,2,1,4702.30916686
933,2018-10-08,1,2,2383.48115885
1495,2018-11-30,1,4,2248.2519756
1366,2018-11-10,4,3,1325.85376738
1292,2018-11-29,1,3,877.4521294981241
601,2018-10-03,1,3,3671.7135692
573,2018-08-10,2,3,5634.2436612
781,2018-09-14,2,1,2007.4600019000002
21,2018-07-01,4,1,4401.256393103
724,2018-10-15,3,2,1253.5376582000001
734,2018-09-08,1,3,4398.1328629
253,2018-08-21,3,1,3251.03587488
177,2018-07-17,3,3,4038.1694274
1226,2018-11-30,3,2,2570.2077409000003
387,2018-08-31,1,3,2576.1397653
943,2018-10-27,3,2,1422.1616741269827
630,2018-09-28,1,4,2009.1311719
811,2018-10-28,1,3,2367.8985065
1375,2018-11-27,1,1,1773.9210249856114
370,2018-09-10,4,5,4754.45194677
131,2018-07-23,4,2,4526.7061597
323,2018-09-01,2,2,3023.6138316
318,2018-10-01,2,5,6034.7414133
460,2018-08-31,3,2,3544.8544474200003
890,2018-10-17,3,5,1796.2304067
1479,2018-11-29,4,5,1442.7052775
548,2018-09-24,2,2,4029.03984452
605,2018-09-13,1,2,4205.68216307
418,2018-08-22,2,5,7992.110070799999
740,2018-09-23,3,1,5398.4195749830005
906,2018-10-17,4,5,3474.8494386699995
751,2018-09-29,4,5,2366.7189915
921,2018-11-15,1,5,2569.68275851
1189,2018-11-22,4,3,1952.4793857708573
931,2018-11-03,1,3,5295.8133674
204,2018-07-20,2,3,4827.1175017000005
568,2018-08-29,3,3,2834.70623703
938,2018-11-04,2,3,2049.3547832
1356,2018-12-06,1,2,3413.0028940999996
656,2018-09-25,2,2,6544.61702633
856,2018-10-25,4,5,1263.8550093397498
868,2018-10-21,4,1,2533.5715063
1404,2018-11-30,1,2,1686.8489579000002
427,2018-09-15,1,2,2447.4437711
897,2018-10-28,4,3,3427.4166856
794,2018-09-08,1,3,6127.0140836
224,2018-07-07,4,5,5201.2377192
551,2018-08-09,4,3,4379.242897
509,2018-08-29,2,1,7216.37246957
426,2018-08-30,3,3,3861.6497663100004
796,2018-10-24,3,1,3618.62761827
1019,2018-11-13,1,1,1310.3770113
875,2018-12-16,4,5,2838.6892788
976,2018-10-20,2,5,1227.8635874390602
395,2018-08-09,2,5,4734.76869569
1426,2018-11-15,4,5,1744.4219257
955,2018-11-13,1,4,2297.96874059
137,2018-07-01,3,3,5610.07199196
798,2018-09-21,3,5,2349.75729928
452,2018-08-26,1,4,794.68312337
1127,2018-11-04,3,2,1305.6371185
553,2018-08-28,1,5,5507.19786855
484,2018-09-05,4,4,4970.09872222
1143,2018-10-28,4,5,1867.2669176012278
96,2018-07-06,2,2,8485.816717381
716,2018-10-13,1,5,5975.61630015
759,2018-09-15,4,1,3164.03809031
948,2018-11-18,3,1,1434.7330152
283,2018-07-30,2,2,3830.3263429
154,2018-08-20,2,3,5557.34135959
314,2018-08-22,3,2,1592.056789
451,2018-08-18,2,4,2894.9134048299998
456,2018-08-10,2,2,3658.5431780400004
1148,2018-11-23,3,1,1957.143358886242
762,2018-09-25,3,4,4288.9978474
1309,2018-11-09,4,2,1431.1881121248007
914,2018-11-21,2,4,2629.1951744999997
1365,2018-11-15,3,4,1460.969740524888
463,2018-08-28,2,1,4810.535249279999
662,2018-10-27,1,4,3467.4211650999996
753,2018-10-04,3,2,6240.2533155
1320,2018-12-07,4,4,2257.2665765
246,2018-07-07,1,1,6636.2651807047005
336,2018-08-14,4,3,3990.8129079
1248,2018-12-02,2,4,277.93849259614944
1108,2018-11-11,2,3,898.4857518225908
1107,2018-11-19,4,4,2100.3521567
245,2018-07-29,3,2,5303.333108299999
206,2018-07-15,1,2,8460.617291300001
673,2018-09-01,4,3,2300.2044477
738,2018-10-25,2,4,5486.7811818
1176,2018-11-26,2,1,840.808430686593
537,2018-09-03,1,5,5470.9000557
1367,2018-11-01,2,5,1733.1455731764436
1446,2018-12-23,2,4,2081.992911244
544,2018-07-25,2,2,7369.7642404
100,2018-07-01,2,5,8270.36318871
907,2018-11-23,1,5,1345.39308026433
631,2018-08-28,3,3,2076.8520380990003
1412,2018-11-06,4,5,3821.97813177
501,2018-09-01,3,5,5924.196703
539,2018-08-28,4,3,5578.76865513
181,2018-07-01,4,3,4423.387188987001
598,2018-09-19,2,4,4897.6615844
327,2018-08-28,1,2,6021.18407607
916,2018-10-19,1,1,1645.9780810400844
1088,2018-10-27,4,2,1861.82762074
128,2018-08-08,1,4,3949.3249739400003
1104,2018-12-02,2,1,83.90981706
175,2018-08-20,1,5,1245.79481139
735,2018-10-04,3,1,1644.984451122582
151,2018-07-18,4,4,4702.512428
504,2018-09-30,4,2,1973.6564079
1013,2018-09-30,1,4,2546.8280716
119,2018-07-17,2,1,5078.80628158
481,2018-09-03,4,1,2881.5202553999998
637,2018-11-06,1,4,5419.4379543000005
1282,2018-11-29,2,4,1597.8018816
1406,2018-11-29,3,1,1398.5233051999999
609,2018-09-26,2,1,2783.2457551300004
892,2018-10-18,1,1,1242.20989697
1360,2018-12-08,2,2,1792.1322661999998
1253,2018-11-12,1,3,1355.1153717562556
1318,2018-12-07,1,1,1391.0435903
645,2018-09-03,1,5,6493.299749600001
1079,2018-11-02,3,1,2111.68265401
524,2018-10-08,4,4,2527.5046251
518,2018-08-30,4,4,2505.6287119
922,2018-10-02,3,4,1986.1044818535447
1053,2018-09-26,1,3,1773.4816307201982
271,2018-07-01,2,5,9068.08254004
364,2018-10-30,3,4,4570.49180978
1012,2018-11-21,1,1,3554.2898156
257,2018-07-28,3,2,8645.237039
148,2018-07-01,4,2,3768.9792668
608,2018-09-11,3,2,2886.2135929
879,2018-09-27,2,1,2900.3187479
250,2018-07-12,1,3,7254.322514549999
123,2018-07-01,3,2,7965.55548385
485,2018-09-15,2,1,5406.7338933
211,2018-07-15,1,4,5200.417255
53,2018-07-01,1,5,11914.4549025
187,2018-08-01,1,1,9472.210413606
60,2018-07-01,4,1,9913.536742
653,2018-09-18,3,2,5110.656992599999
829,2018-11-10,2,2,2298.29216035
1124,2018-11-16,4,1,700.4249265999999
1212,2018-11-25,2,3,727.4671513587236
107,2018-07-14,4,4,4888.03497548
498,2018-08-27,2,5,2975.3335481900003
348,2018-08-16,2,3,5331.8300407100005
226,2018-07-15,1,2,3437.0022516999998
266,2018-07-11,4,3,7231.77792369
632,2018-09-19,3,3,4395.36633394
1481,2018-11-28,2,5,183.9524237
293,2018-07-12,2,5,5691.24362215
328,2018-09-14,1,4,4845.3644143
765,2018-09-13,4,2,3411.2043986
674,2018-10-26,4,5,3534.8273910720004
1243,2018-11-04,4,5,1844.6378102526069
1484,2018-11-13,3,3,1414.4163513556123
867,2018-10-26,1,5,1503.91700866
288,2018-07-11,3,2,6264.34546091
234,2018-08-09,2,4,5547.785846299999
168,2018-08-29,4,5,8964.15222876
764,2018-09-15,4,1,2584.84607482
1383,2018-10-31,2,5,2087.247509
1482,2018-11-01,1,1,1480.0659781321883
49,2018-07-01,3,3,9840.768627082001
232,2018-07-07,3,4,3397.345667
158,2018-08-15,2,3,6218.40626429
171,2018-07-01,3,5,6740.95310549
913,2018-10-02,4,4,1811.3486727
1128,2018-11-02,2,5,161.9222479
566,2018-08-30,3,5,3395.17239753
376,2018-09-05,4,1,3956.54111868
309,2018-08-02,3,5,3490.946792025
1330,2018-11-10,1,1,1908.3951693
1381,2018-11-23,1,5,2464.0381681
756,2018-09-07,3,3,2961.51748245
1424,2018-11-05,4,1,3288.6154689000005
825,2018-10-11,4,2,1049.8393452
1224,2018-11-25,3,5,1461.3038888201118
885,2018-11-07,3,3,2993.2781838
1245,2018-11-19,1,4,2717.2394855
1414,2018-11-21,4,3,346.7083927243948
174,2018-08-02,1,2,5089.1556719
1274,2018-11-30,1,1,2021.5366933
27,2018-07-01,4,2,8882.37274457
1249,2018-11-14,2,4,2755.3309467999998
1413,2018-11-19,3,3,1055.386172607541
795,2018-10-17,4,3,3303.06905049
208,2018-07-01,4,4,5506.5191908
1174,2018-10-29,4,4,1607.2951383
845,2018-11-12,2,2,4113.9060798
413,2018-09-04,1,4,2928.19428442
651,2018-10-05,3,5,5407.9121721
1389,2018-12-15,2,4,1549.11385319
407,2018-08-13,4,2,2892.3253577
718,2018-09-22,1,1,2918.000672
690,2018-09-28,2,1,6128.058363300001
1466,2018-11-22,1,3,764.5011634
1152,2018-11-12,1,2,1191.1839256063104
223,2018-07-11,4,2,4996.1703759974
561,2018-10-10,1,5,2328.1936956199997
1110,2018-10-30,1,5,1432.6318893
669,2018-08-22,4,2,2631.0190422
664,2018-09-29,1,4,4305.2823657
28,2018-07-01,3,3,10382.296132214
466,2018-09-06,4,5,7280.06359643
578,2018-09-05,4,2,2673.40304337
583,2018-09-22,2,5,2084.4955787999997
1217,2018-11-23,4,4,2343.2766134000003
487,2018-09-12,1,2,2784.3479616
1294,2018-11-05,1,5,1475.028800778091
947,2018-11-20,4,2,544.0700414300001
745,2018-10-10,3,5,1660.545040859
412,2018-10-21,4,5,1897.3603241
300,2018-07-07,3,5,3947.55817745
1001,2018-10-27,3,2,1971.40853018
178,2018-07-08,1,3,10368.673904090001
1156,2018-11-30,1,1,1255.85826189
8,2018-07-01,1,4,7391.546595549999
1254,2018-11-22,4,3,899.0554404000001
844,2018-10-12,2,5,2402.6620243
982,2018-10-28,2,2,1553.467670455575
1432,2018-10-30,4,1,1430.4460574
162,2018-07-11,2,5,5243.307951862
1003,2018-10-01,3,5,1529.0084490552545
857,2018-09-27,2,1,994.7050816999999
333,2018-08-13,4,3,4183.65155605
558,2018-09-07,3,1,2435.894205
489,2018-09-28,3,3,1362.12538329
381,2018-08-27,1,5,2884.68242059
614,2018-09-10,3,3,4574.01753401
700,2018-09-23,1,5,2307.373592813
1220,2018-11-28,3,3,909.1944577
1168,2018-11-29,2,4,1874.7538831000002
840,2018-10-12,1,1,1580.26627513
453,2018-08-06,2,3,2532.7909024
1015,2018-11-30,3,1,1681.8683063
435,2018-10-03,4,4,7537.443780290001
116,2018-07-30,1,1,5073.92959673
1099,2018-11-26,2,4,1955.44269069
365,2018-11-03,1,5,7188.4395269999995
981,2018-10-02,1,2,2020.6750554999999
85,2018-07-01,1,4,10772.12773964
238,2018-08-27,2,3,6116.71399382
962,2018-11-30,1,5,2269.7976971
482,2018-08-01,3,2,1838.4705036878586
742,2018-09-11,3,1,1247.044986113906
771,2018-10-09,3,5,2096.32799272
1036,2018-11-26,1,2,2774.91762006
1120,2018-11-26,2,5,1013.18747546
461,2018-09-03,1,3,5450.9478658
70,2018-07-01,2,5,8032.70900201
11,2018-07-01,3,2,8952.5120727
909,2018-11-01,4,4,1883.8047804900002
98,2018-07-01,1,3,4940.55593993
1352,2018-11-23,1,2,2356.6956901000003
635,2018-09-10,4,5,2741.18420344
1231,2018-11-11,4,4,1774.1941648799998
84,2018-07-01,2,4,11138.61685565
579,2018-08-22,1,3,2223.4321699
54,2018-07-01,4,4,12401.15426087
966,2018-11-09,3,5,2278.65641468
263,2018-07-10,4,4,6907.2224636
276,2018-07-13,3,4,6105.46653907
1041,2018-10-19,3,1,1711.1870112000001
963,2018-11-13,1,1,3026.0130313
62,2018-07-01,3,1,5297.723198996
152,2018-07-26,4,5,2414.5287660999998
269,2018-07-08,1,1,8749.30281888
447,2018-08-29,4,3,1365.0741445219999
77,2018-07-01,3,3,8140.7882985100005
577,2018-08-10,1,4,5456.6828651999995
1439,2018-12-02,1,1,834.5377804
369,2018-08-21,2,1,5567.2881643
1096,2018-10-25,3,2,1331.62687738
242,2018-08-13,1,5,4802.07056983
714,2018-11-05,4,4,4007.2681722
1095,2018-10-21,1,5,4752.61956145
1207,2018-12-02,2,1,1229.857121
988,2018-10-09,1,2,3370.7780634
474,2018-08-22,4,3,3921.855614544
457,2018-08-05,4,2,3633.3482235700003
1321,2018-10-31,1,4,713.3780247
44,2018-07-01,3,4,9140.287315352001
722,2018-09-01,4,1,2407.9004581100003
1030,2018-11-06,1,2,3000.2498289
25,2018-07-01,1,5,5617.22373786
87,2018-07-01,2,2,10777.60033349
1032,2018-11-02,4,5,2390.1965984099998
1084,2018-11-05,1,2,2615.8770016999997
1039,2018-10-22,2,1,1552.20632446
1329,2018-12-01,4,1,1923.3978278700001
1438,2018-11-28,1,5,2507.2522464999997
542,2018-09-20,4,5,3812.5738399
125,2018-07-30,3,4,5316.25464691
16,2018-07-01,1,4,12177.826190329999
607,2018-10-08,3,1,1400.25927046
1262,2018-11-14,4,5,920.3728705999999
410,2018-08-13,3,2,2730.17351278
374,2018-11-23,4,4,4796.3945345
156,2018-08-06,3,2,4619.7524425
743,2018-09-15,2,5,5044.8930477
403,2018-10-13,1,2,3429.78577098
124,2018-07-19,2,4,6296.0959937200005
1457,2018-11-02,4,5,1756.1302734538913
236,2018-08-01,1,4,6242.007311462
896,2018-10-19,4,5,2004.18517074
536,2018-08-10,1,2,5203.0922683
1223,2018-12-06,1,4,480.06308740000003
1182,2018-11-23,4,1,1122.1765841000001
1450,2018-11-05,2,1,1928.065987303853
1142,2018-11-05,1,1,2274.4537079
1052,2018-09-28,2,2,1128.6143296300002
511,2018-09-03,3,4,4457.0045369107
689,2018-09-29,1,4,2272.2661245
42,2018-07-20,4,2,6458.190471
380,2018-08-15,1,5,2430.769665847
388,2018-08-03,3,3,5699.1151579
352,2018-09-23,4,1,3413.4654790699997
102,2018-07-01,2,1,7829.756461196999
325,2018-07-31,1,5,4977.56703048
790,2018-08-28,4,1,3984.09383246
618,2018-09-29,4,2,4505.9343699
556,2018-08-13,1,1,4291.5162369
911,2018-10-16,3,5,4084.8244221
1130,2018-11-18,3,1,2411.8749656
698,2018-09-21,3,3,1389.4119566
590,2018-08-30,3,5,4821.190211499999
13,2018-07-01,1,5,7872.97109264
1037,2018-10-18,1,2,1631.02834392339
1428,2018-11-26,1,4,1865.5842039734125
1175,2018-11-26,2,4,914.8627873510122
815,2018-11-09,4,5,1797.2297208
1023,2018-10-11,4,2,3294.9809714000003
1480,2018-11-06,2,3,1284.3498000875115
1138,2018-10-25,3,3,782.39168
823,2018-11-27,3,1,2254.26336159
483,2018-08-10,1,4,3942.8162070999997
83,2018-07-04,2,2,8244.41269321
591,2018-09-09,2,1,6886.680469049999
1093,2018-09-28,4,1,2219.6371157000003
1007,2018-11-08,4,4,1878.5541812
170,2018-07-03,1,2,5289.60019218
513,2018-08-18,1,1,4658.834898200001
1199,2018-11-20,3,1,897.8559207171202
29,2018-07-01,2,1,6413.20329499
371,2018-08-26,3,2,4366.01572107
1279,2018-12-07,3,1,3061.8361545
502,2018-08-13,2,2,2468.10819385
122,2018-07-18,4,2,10060.0963658
1336,2018-10-31,2,5,936.4041524
1276,2018-11-28,4,5,771.458144299686
680,2018-10-11,4,2,5159.793485
1364,2018-11-12,2,1,1320.1835174113512
80,2018-07-02,4,1,5467.27999429
189,2018-07-25,2,3,5925.8511452
480,2018-08-30,1,5,4904.0185999000005
832,2018-10-30,2,4,4358.1910824
1159,2018-12-05,2,1,1364.3603245
820,2018-09-30,4,3,1640.30387377
358,2018-07-31,3,3,5275.18605174
688,2018-09-30,3,4,2086.85861748
599,2018-09-05,3,4,8427.42021956
2,2018-07-01,2,4,4977.658721
1160,2018-11-07,2,1,1968.935345299542
256,2018-07-25,1,5,6072.901775193
343,2018-11-11,4,1,4255.89768308
1004,2018-10-18,1,3,1771.4191786944866
127,2018-07-26,1,4,5383.69509947
729,2018-10-08,2,3,3416.3180779000004
179,2018-07-01,1,3,4298.6008329999995
522,2018-08-14,3,5,4473.992722338
1471,2018-10-30,2,2,1430.7417352
149,2018-07-30,3,5,6491.168007599999
918,2018-10-25,2,1,1687.7671385
1016,2018-11-20,4,5,2746.61201101
216,2018-07-01,2,1,4159.22530139
446,2018-08-23,2,1,2047.8286993400002
1433,2018-11-17,2,5,1937.6573581248522
1431,2018-12-13,4,4,1293.0428627878428
1190,2018-11-25,1,1,995.9552469
960,2018-10-20,2,1,3917.0630981000004
1057,2018-09-29,1,5,2070.046299
1382,2018-12-10,2,2,270.93132585287094
1475,2018-11-23,4,5,983.3409336000001
709,2018-09-28,3,3,3593.4422547000004
26,2018-07-01,4,5,8729.7837968
800,2018-10-01,2,2,1624.91741037
475,2018-08-30,3,1,3367.62531221
710,2018-09-14,2,3,2810.013651
940,2018-10-30,4,5,1160.5936521664262
308,2018-08-06,1,1,5341.157278090001
968,2018-10-14,2,4,2621.390584986
1298,2018-11-11,4,3,1771.4245541
398,2018-08-08,3,4,3369.16307
1339,2018-11-17,2,5,1154.7078974545002
521,2018-08-17,1,2,4991.7513487
995,2018-10-16,4,4,3772.3186508
134,2018-07-05,2,5,5067.5473836
213,2018-07-12,2,1,8262.938984069999
313,2018-08-20,4,4,3766.8604279599995
233,2018-07-15,4,1,9050.61426932
643,2018-09-23,1,1,973.2777057
694,2018-09-11,2,1,3779.1947140099996
375,2018-08-16,4,2,2816.7357726
1455,2018-11-22,4,4,968.7385996803641
1307,2018-12-06,3,1,1344.2620672285557
405,2018-08-27,1,3,3752.6756727499996
1344,2018-11-15,3,1,1470.5121153965592
806,2018-10-17,4,2,2059.093169
144,2018-07-31,3,3,8233.767132396
95,2018-07-01,1,1,6880.252623389
696,2018-10-14,1,5,5435.974582209999
331,2018-09-02,4,5,3514.4225678000003
1234,2018-11-11,1,3,291.39408096671104
73,2018-07-01,4,3,4604.6795267200005
150,2018-07-28,2,4,3263.01131725
1184,2018-11-08,3,3,1313.1186709600001
1188,2018-11-15,2,2,1106.7007603123784
640,2018-10-11,2,4,3560.24913407
1378,2018-10-26,3,5,1690.1332279667258
47,2018-07-01,3,4,6014.21231523
228,2018-07-27,1,4,4577.5105023
1379,2018-10-24,3,5,1115.3846302
1295,2018-11-16,1,3,1256.3045648857951
623,2018-09-13,4,2,2827.51066411
971,2018-10-29,1,4,2208.46058709
810,2018-11-15,3,1,5842.4940425039995
1312,2018-11-21,3,4,2630.8342414
1010,2018-11-01,1,1,1760.45976781
570,2018-08-17,2,3,4058.94198866
853,2018-10-30,2,4,4890.5788167
732,2018-10-04,2,1,3354.17951838
67,2018-07-04,4,4,6002.37865788
1385,2018-11-05,3,4,1705.4685950279236
1141,2018-12-22,1,2,1234.1015711426735
222,2018-07-21,1,3,3685.4038479
445,2018-10-06,4,4,4524.1907488
571,2018-08-19,4,2,4905.23451305
1116,2018-12-01,2,1,1554.0053286
1338,2018-12-06,3,1,2974.9727892
692,2018-11-23,4,3,2800.7649267
1233,2018-11-29,3,3,1025.5733001977205
602,2018-09-14,1,3,5254.1528848
254,2018-07-09,2,2,3497.67305208
394,2018-08-26,2,5,3160.25807218
1434,2018-12-02,2,3,1857.6127728447318
730,2018-09-12,3,2,2003.8435574
1399,2018-11-16,1,4,1059.5712652429938
1238,2018-11-05,3,5,863.5039025
1213,2018-11-15,3,4,1385.501921
425,2018-08-20,1,2,3129.8705411
873,2018-10-29,2,5,1243.71663202
1162,2018-11-25,3,3,2353.7024451
661,2018-09-18,3,4,4290.63356839
275,2018-07-11,2,2,8350.93196759
654,2018-08-28,2,3,4070.9292591700005
1038,2018-11-16,1,5,4506.42415328
4,2018-07-01,1,4,6177.639061547
572,2018-09-07,1,1,7883.1619712
289,2018-08-15,2,5,6699.6964188
1374,2018-11-28,4,4,2457.6282528
202,2018-07-19,1,5,6490.65534949
634,2018-09-22,4,4,1854.814326390624
830,2018-10-12,2,1,2640.2042432
164,2018-07-28,2,3,11159.39620881
48,2018-07-15,4,5,7769.61621172
196,2018-07-30,4,2,2532.8592245
1018,2018-11-01,4,2,2644.18134336
133,2018-07-19,4,2,8102.50571095
646,2018-09-18,1,5,2893.26574387
750,2018-09-16,3,2,2356.4000557
889,2018-11-06,3,3,1389.529430307448
23,2018-07-01,4,1,11123.31632258
1355,2018-12-02,2,4,627.3844549432397
592,2018-08-24,4,3,2034.3982053
1219,2018-12-01,2,5,940.01876724
1194,2018-11-28,4,3,1071.4164759
776,2018-09-22,1,3,6070.109391
520,2018-08-14,3,2,2715.3216371999997
725,2018-09-27,4,1,3272.8929350999997
1139,2018-11-22,2,3,1346.4937759563327
1055,2018-09-28,2,3,2459.8872462
991,2018-11-07,1,2,1057.4121046811342
59,2018-07-01,2,1,9834.0414393
310,2018-09-11,1,2,5807.22737622
237,2018-07-15,3,3,2915.68452349
1076,2018-10-27,2,3,2729.812883
957,2018-09-28,4,1,1701.6281673
1151,2018-11-25,3,1,1131.6636307165027
1085,2018-11-08,1,3,1679.26457792
593,2018-08-24,1,5,5200.1734731999995
169,2018-07-04,4,1,5551.77391286
465,2018-10-05,2,4,4704.462795699999
239,2018-07-10,3,5,3158.7974924
841,2018-10-08,2,3,3116.12610198
1090,2018-12-02,4,3,1724.5535076849999
611,2018-10-15,2,4,2429.1748175000002
929,2018-10-13,2,1,1229.8290658
728,2018-10-07,2,4,4248.69768534
881,2018-11-21,1,4,3683.6415724999997
1357,2018-11-23,3,2,1209.2439569532871
437,2018-09-17,2,2,2305.0864106
355,2018-08-20,3,3,4445.59354982
649,2018-11-11,4,2,7177.037433399999
668,2018-10-09,3,5,2802.87293657
702,2018-09-13,3,1,4528.2046184
111,2018-08-19,3,4,7968.9300820206
858,2018-10-30,3,3,3638.0095936999996
40,2018-07-01,1,4,10796.64900986
112,2018-08-18,4,3,5445.463272122
992,2018-10-19,2,3,2544.7979875
773,2018-10-04,4,4,1798.0450796
761,2018-09-07,2,4,1227.04606726
458,2018-09-14,4,5,4538.4670262
1333,2018-11-27,4,5,1991.1808632314205
837,2018-10-09,3,5,4482.0781723
1314,2018-11-04,2,1,742.5731294
273,2018-07-04,4,5,5766.0623334
422,2018-08-26,3,3,1002.206293
597,2018-09-23,1,1,4967.82136997
834,2018-10-18,4,3,2877.1953945
924,2018-11-01,1,3,1467.8898379206657
1126,2018-12-05,4,3,1660.7978055253625
766,2018-10-07,1,1,810.271756
1372,2018-11-12,1,5,1511.6143362
821,2018-11-23,2,1,4588.560188400001
397,2018-08-15,4,5,4934.4427622
1441,2018-11-18,2,1,512.5501461
779,2018-09-08,3,3,5245.272991960001
1324,2018-12-13,1,2,2734.2881656
20,2018-07-01,4,3,5898.1357478
339,2018-08-21,3,5,4534.5976918
363,2018-09-13,4,4,4042.1265804000004
1187,2018-12-14,3,1,2293.1756544
440,2018-08-26,2,4,4725.26707197
1449,2018-10-27,2,5,1741.8156238272786
1429,2018-11-04,2,1,1504.132197238505
717,2018-10-05,3,1,1985.9255142509937
1454,2018-11-18,2,5,979.216957
1157,2018-10-31,1,5,1882.6175745
143,2018-07-01,2,3,5708.23966503
1395,2018-11-03,4,1,1095.950460061431
322,2018-08-29,4,5,4552.819971999999
772,2018-10-19,4,1,5141.5995162
109,2018-07-06,2,1,4041.68202187
34,2018-07-01,2,3,10063.5896024
491,2018-07-30,2,1,2154.866117
225,2018-08-01,4,5,2886.35176318
92,2018-07-01,1,1,9418.176423159
1140,2018-12-15,4,1,1720.4139303
619,2018-10-06,2,2,2901.1399729
1398,2018-11-02,2,1,654.3218645
1297,2018-11-30,4,1,1906.90104808
641,2018-10-08,2,2,6368.4642736900005
758,2018-10-27,1,3,4425.807218399999
1304,2018-10-24,3,1,1844.4509292021394
842,2018-10-17,4,4,3285.6093057999997
964,2018-10-24,4,3,2755.6433375
97,2018-07-01,3,2,10395.04133171
775,2018-09-13,2,1,3849.3225285
768,2018-10-12,4,5,1344.8372520506382
145,2018-07-04,1,2,3773.8359598
86,2018-07-01,4,2,9856.24981173
492,2018-08-17,3,2,5041.1973419000005
1473,2018-11-20,4,2,1737.7340737730265
406,2018-09-08,3,3,5357.4852904
1498,2018-10-31,3,2,3159.1268287
261,2018-07-01,4,3,3612.95686011
303,2018-08-06,2,2,4016.205106
617,2018-09-18,3,5,6139.7261117
1196,2018-12-14,2,1,3055.1974373000003
353,2018-08-04,2,5,5430.087691
335,2018-08-28,3,1,5259.41467291
1106,2018-11-05,2,5,1074.8736495152116
817,2018-11-12,2,5,3883.4223197
898,2018-10-27,3,4,1750.9730169549584
93,2018-07-01,1,5,6577.84028057
227,2018-08-01,3,4,6940.9292290640005
824,2018-10-06,3,5,2416.9567299
1145,2018-11-20,3,1,1923.0549233034253
1155,2018-11-25,4,2,1352.9229117557406
864,2018-10-02,3,5,2582.0462253
459,2018-07-30,3,3,3687.6151531000005
357,2018-08-21,2,4,6029.53015494
251,2018-07-13,4,4,3343.2207408100003
337,2018-09-28,1,5,6247.95394141
488,2018-09-05,2,3,6632.798250149999
1401,2018-11-22,3,5,1054.653251861
1064,2018-10-13,2,2,1738.6918815509998
1483,2018-11-02,4,5,2154.2327075410003
311,2018-09-09,1,1,2767.50991272
